{
  "project_info": {
    "project_number": "727564140821",
    "firebase_url": "https://nullplay-af1234.firebaseio.com",
    "project_id": "nullplay-af1234",
    "storage_bucket": "nullplay-af1234.appspot.com"
  },
  "client": [
    {
      "client_info": {
        "mobilesdk_app_id": "1:727564140821:android:851cb22e8cb34108",
        "android_client_info": {
          "package_name": "xo.chillout.nullplayx"
        }
      },
      "oauth_client": [
        {
          "client_id": "727564140821-5sfe0u41pktum392lces6n68900o6hg4.apps.googleusercontent.com",
          "client_type": 1,
          "android_info": {
            "package_name": "xo.chillout.nullplayx",
            "certificate_hash": "8ac2c02a59f3057f20d1c070a00a2fbc624b2995"
          }
        },
        {
          "client_id": "727564140821-g7sfdfudmglv7j1agspjqh0d66cop8n0.apps.googleusercontent.com",
          "client_type": 3
        }
      ],
      "api_key": [
        {
          "current_key": "AIzaSyBUSyLryAi9tN97JkfMWJssHdjmqT6UR24"
        }
      ],
      "services": {
        "appinvite_service": {
          "other_platform_oauth_client": [
            {
              "client_id": "727564140821-g7sfdfudmglv7j1agspjqh0d66cop8n0.apps.googleusercontent.com",
              "client_type": 3
            }
          ]
        }
      }
    }
  ],
  "configuration_version": "1"
}